,log_dir,frame_per_second,episode_reward,total_steps,total_episodes,total_time,target_q,actor_loss,critic_loss,success_rate
0,MetaDrive-Tut-20Env-v0,654,11.625486139748768,2001,2,3.058793783187866,,,,0.0
1,MetaDrive-Tut-20Env-v0,615,11.41029050741731,3002,3,4.881080865859985,,,,0.0
2,MetaDrive-Tut-20Env-v0,647,9.658738771917294,4757,5,7.341193675994873,,,,0.0
3,MetaDrive-Tut-20Env-v0,632,10.138623453455507,5758,6,9.096466541290283,,,,0.0
4,MetaDrive-Tut-20Env-v0,638,10.403420441866533,6759,7,10.590666770935059,,,,0.0
5,MetaDrive-Tut-20Env-v0,655,10.480575803014741,7760,8,11.829934358596802,,,,0.0
6,MetaDrive-Tut-20Env-v0,665,10.291288018967435,8761,9,13.157185077667236,,,,0.0
7,MetaDrive-Tut-20Env-v0,681,10.362958187826756,9762,10,14.316359758377075,,,,0.0
8,MetaDrive-Tut-20Env-v0,629,9.990195581422874,10056,11,15.980081796646118,0.01439900603145361,,0.0011509848991408944,0.0
9,MetaDrive-Tut-20Env-v0,179,0.7409754276912315,11001,47,61.31776785850525,0.041583772748708725,-0.038337454199790955,0.00552696967497468,0.0
10,MetaDrive-Tut-20Env-v0,93,0.4436055372760697,12304,52,130.94174098968506,-0.043987471610307693,,0.9362620115280151,0.0
11,MetaDrive-Tut-20Env-v0,75,0.5500252301730894,13043,63,171.8411922454834,0.04441990330815315,-0.027318989858031273,0.156917542219162,0.0
12,MetaDrive-Tut-20Env-v0,61,1.3984763057334388,14070,77,228.5895984172821,0.06364914029836655,,0.38030216097831726,0.0
13,MetaDrive-Tut-20Env-v0,53,2.65455173548778,15033,95,282.41593861579895,0.10906288027763367,-0.14334088563919067,0.6183949708938599,0.0
14,MetaDrive-Tut-20Env-v0,47,3.272969544714229,16027,112,338.1723208427429,0.21057745814323425,-0.24457979202270508,0.4250628352165222,0.0
15,MetaDrive-Tut-20Env-v0,43,6.967119245490386,17048,129,395.3810830116272,0.44165879487991333,,0.03696218132972717,0.0
16,MetaDrive-Tut-20Env-v0,40,11.075181380243636,18002,148,449.2287576198578,0.6338145732879639,,0.511314332485199,0.0
17,MetaDrive-Tut-20Env-v0,37,15.230201735968015,19011,168,505.94076466560364,1.0150365829467773,-1.0680840015411377,0.31390655040740967,0.0
18,MetaDrive-Tut-20Env-v0,35,17.328381149274705,20045,189,564.8139700889587,1.412334680557251,-1.559718370437622,1.0577936172485352,0.0
19,MetaDrive-Tut-20Env-v0,33,19.52169046488547,21010,209,619.2755174636841,1.8087743520736694,,1.2563186883926392,0.0
20,MetaDrive-Tut-20Env-v0,32,20.60090137770236,22052,228,678.1500351428986,2.326504707336426,,1.477477788925171,0.0
21,MetaDrive-Tut-20Env-v0,31,25.99956016749059,23094,241,736.672607421875,3.1225662231445312,,1.270952582359314,0.0
22,MetaDrive-Tut-20Env-v0,30,33.00523211001419,24018,250,788.3768930435181,3.886864185333252,,1.0219087600708008,0.0
23,MetaDrive-Tut-20Env-v0,29,38.97815947699307,25003,261,842.7622075080872,4.575047016143799,-4.743785858154297,1.1939442157745361,0.0
24,MetaDrive-Tut-20Env-v0,28,47.18677907107466,26074,271,902.6019885540009,5.204056739807129,,3.3971729278564453,0.0
25,MetaDrive-Tut-20Env-v0,28,55.19692479984673,27068,280,957.910457611084,6.415640830993652,,3.2228455543518066,0.01
26,MetaDrive-Tut-20Env-v0,27,61.94806082880423,28016,289,1011.0214154720306,7.56913423538208,,1.7849767208099365,0.01
27,MetaDrive-Tut-20Env-v0,27,70.0206304999607,29063,299,1069.6560471057892,8.65511703491211,-9.133523941040039,4.755413055419922,0.01
28,MetaDrive-Tut-20Env-v0,26,76.71711089421599,30002,308,1122.629952430725,9.006254196166992,,3.1795802116394043,0.01
29,MetaDrive-Tut-20Env-v0,26,84.09104832911626,31014,318,1179.2948770523071,11.364551544189453,,2.487882137298584,0.01
30,MetaDrive-Tut-20Env-v0,25,92.93060941803085,32054,326,1237.7830147743225,11.840129852294922,,1.9093382358551025,0.01
31,MetaDrive-Tut-20Env-v0,25,96.48455510748272,33010,336,1291.0334627628326,13.175891876220703,,9.629159927368164,0.01
32,MetaDrive-Tut-20Env-v0,25,99.15582484849342,34063,345,1350.5012505054474,13.960564613342285,-13.990694999694824,3.458491563796997,0.01
33,MetaDrive-Tut-20Env-v0,24,99.76244081087457,35128,355,1410.6983532905579,15.020837783813477,,3.735609531402588,0.01
34,MetaDrive-Tut-20Env-v0,24,100.6534001829925,36036,364,1462.2992796897888,15.872528076171875,,2.407914876937866,0.01
35,MetaDrive-Tut-20Env-v0,24,98.38512668626394,37095,374,1522.297969341278,16.380735397338867,-16.776721954345703,15.483927726745605,0.0
36,MetaDrive-Tut-20Env-v0,24,102.13625696133013,38054,382,1576.4643814563751,17.47174644470215,,6.370600700378418,0.0
37,MetaDrive-Tut-20Env-v0,23,102.25165980809169,39041,392,1632.203872680664,18.511165618896484,-19.0433406829834,6.819475173950195,0.0
38,MetaDrive-Tut-20Env-v0,23,102.31880241361787,40006,401,1686.7447700500488,19.716270446777344,,6.755362510681152,0.0
39,MetaDrive-Tut-20Env-v0,23,101.38214910622773,41042,411,1745.6077570915222,20.775550842285156,,9.865442276000977,0.0
40,MetaDrive-Tut-20Env-v0,23,104.2967065224772,42005,419,1800.2098953723907,22.207046508789062,-22.31162452697754,13.062406539916992,0.0
41,MetaDrive-Tut-20Env-v0,23,102.97779539548036,43114,429,1863.5985939502716,22.121517181396484,,4.811549663543701,0.0
42,MetaDrive-Tut-20Env-v0,22,106.81020099649672,44040,437,1916.1835811138153,23.132177352905273,,4.088015556335449,0.0
43,MetaDrive-Tut-20Env-v0,22,107.32188784380847,45006,445,1971.6495831012726,23.845375061035156,,5.643622875213623,0.0
44,MetaDrive-Tut-20Env-v0,22,107.88925206780124,46060,455,2031.3680050373077,25.935447692871094,,11.333572387695312,0.0
45,MetaDrive-Tut-20Env-v0,22,109.9334708264816,47072,464,2088.745405435562,26.827245712280273,,3.6100411415100098,0.0
46,MetaDrive-Tut-20Env-v0,22,111.31166057857494,48060,473,2144.0337154865265,25.563915252685547,,5.008003234863281,0.0
47,MetaDrive-Tut-20Env-v0,22,109.88954286951137,49089,482,2201.322517156601,26.639404296875,-27.087326049804688,5.920283317565918,0.0
48,MetaDrive-Tut-20Env-v0,22,112.1330180915585,50055,490,2255.117927789688,27.116044998168945,-27.775117874145508,26.698020935058594,0.0
49,MetaDrive-Tut-20Env-v0,22,113.94913428294286,51117,500,2314.155494451523,29.511022567749023,-30.299354553222656,8.63315486907959,0.0
50,MetaDrive-Tut-20Env-v0,21,114.70985346134829,52005,508,2363.9034221172333,29.588829040527344,-30.204784393310547,5.6791157722473145,0.0
51,MetaDrive-Tut-20Env-v0,21,113.79512288324955,53085,517,2424.257519721985,30.687267303466797,-30.954265594482422,5.774171829223633,0.0
52,MetaDrive-Tut-20Env-v0,21,116.99217096402259,54067,525,2479.490191936493,32.66395950317383,-33.48147201538086,4.983153343200684,0.0
53,MetaDrive-Tut-20Env-v0,21,114.73746256062368,55029,534,2532.7630066871643,32.393924713134766,-33.08730697631836,11.843879699707031,0.0
54,MetaDrive-Tut-20Env-v0,21,111.14344613294662,56057,544,2590.2393505573273,31.491851806640625,-32.142677307128906,14.175172805786133,0.0
55,MetaDrive-Tut-20Env-v0,21,112.33203718163048,57118,553,2650.038741827011,31.909286499023438,,11.016899108886719,0.0
56,MetaDrive-Tut-20Env-v0,21,110.31267868126251,58039,562,2701.1955902576447,33.36765670776367,-33.313255310058594,7.210118293762207,0.0
57,MetaDrive-Tut-20Env-v0,21,112.74599783359092,59026,567,2756.676358938217,32.24882507324219,,24.03793716430664,0.01
58,MetaDrive-Tut-20Env-v0,21,117.29446304747253,60123,572,2817.3363015651703,33.84512710571289,-33.810909271240234,15.225664138793945,0.02
59,MetaDrive-Tut-20Env-v0,21,118.25647989446699,61090,578,2871.6093275547028,34.93300247192383,,6.7090559005737305,0.03
60,MetaDrive-Tut-20Env-v0,21,119.925013521933,62123,584,2928.6975843906403,35.58336639404297,-35.843814849853516,8.413848876953125,0.04
61,MetaDrive-Tut-20Env-v0,21,120.95598394016965,63255,591,2991.7191224098206,34.93059158325195,-35.292266845703125,26.648155212402344,0.04
62,MetaDrive-Tut-20Env-v0,21,121.69325442063604,64083,597,3038.008847475052,33.056175231933594,-33.93754959106445,16.285236358642578,0.04
63,MetaDrive-Tut-20Env-v0,21,121.2251597014976,65008,604,3089.5422961711884,36.49635696411133,,6.616939544677734,0.04
64,MetaDrive-Tut-20Env-v0,20,123.49894020010026,66051,611,3147.381772994995,34.88121795654297,-35.34616470336914,37.96178436279297,0.04
65,MetaDrive-Tut-20Env-v0,20,127.12996059043853,67171,617,3209.6464319229126,34.61542892456055,-35.070899963378906,9.454004287719727,0.05
66,MetaDrive-Tut-20Env-v0,20,127.00455259846436,68064,623,3260.0003204345703,35.80192565917969,,18.134180068969727,0.05
67,MetaDrive-Tut-20Env-v0,20,128.93275020685914,69029,629,3314.90665102005,36.05507278442383,-36.799339294433594,8.651344299316406,0.05
68,MetaDrive-Tut-20Env-v0,20,133.20647860695036,70016,634,3369.890668153763,36.72331237792969,,7.903000831604004,0.07
69,MetaDrive-Tut-20Env-v0,20,138.32901839274854,71227,641,3438.4655015468597,36.26659393310547,-37.029083251953125,23.13555145263672,0.07
70,MetaDrive-Tut-20Env-v0,20,139.7844853809649,72133,645,3489.073865890503,34.89472961425781,-35.27483367919922,12.496875762939453,0.08
71,MetaDrive-Tut-20Env-v0,20,143.6028641106129,73053,649,3540.282420873642,36.70313262939453,-36.7830696105957,12.753503799438477,0.1
72,MetaDrive-Tut-20Env-v0,20,148.32981361624914,74023,653,3594.351928472519,37.608402252197266,-38.47923278808594,6.218851089477539,0.11
73,MetaDrive-Tut-20Env-v0,20,148.41763763025926,75045,662,3651.104208469391,34.29014205932617,-34.8937873840332,12.632768630981445,0.12
74,MetaDrive-Tut-20Env-v0,20,153.07585664904863,76285,666,3720.5780720710754,38.34754943847656,-39.113258361816406,7.6392059326171875,0.13
75,MetaDrive-Tut-20Env-v0,20,156.57636043756932,77036,668,3762.6220803260803,37.090084075927734,,16.26830291748047,0.14
76,MetaDrive-Tut-20Env-v0,20,157.98914938920055,78064,672,3820.2420692443848,36.96060562133789,,14.10663890838623,0.15
77,MetaDrive-Tut-20Env-v0,20,162.89179225354638,79211,676,3885.0756833553314,36.132041931152344,-36.44889831542969,19.65839385986328,0.15
78,MetaDrive-Tut-20Env-v0,20,165.14152904555195,80124,679,3936.0098729133606,36.94427490234375,,20.16036033630371,0.15
79,MetaDrive-Tut-20Env-v0,20,168.69909302383923,81087,683,3989.677967786789,39.050086975097656,-39.353240966796875,8.273313522338867,0.16
80,MetaDrive-Tut-20Env-v0,20,169.43237100175665,82020,688,4041.879553079605,36.54269027709961,,27.816146850585938,0.17
81,MetaDrive-Tut-20Env-v0,20,174.34581237613932,83149,691,4105.313120126724,38.28094482421875,-38.349822998046875,10.97646713256836,0.19
82,MetaDrive-Tut-20Env-v0,20,178.77365458738262,84250,695,4166.7059161663055,37.19275665283203,,17.387662887573242,0.2
83,MetaDrive-Tut-20Env-v0,20,182.3513760869946,85112,698,4214.334240198135,37.15270233154297,,21.221338272094727,0.21
84,MetaDrive-Tut-20Env-v0,20,186.95272510628666,86314,702,4281.7877497673035,36.95836639404297,,10.054557800292969,0.22
85,MetaDrive-Tut-20Env-v0,20,191.620893390821,87074,704,4324.230202436447,38.347023010253906,,8.525370597839355,0.23
86,MetaDrive-Tut-20Env-v0,20,192.79885263651016,88177,710,4385.667346715927,38.83973693847656,-38.84369659423828,9.331103324890137,0.24
87,MetaDrive-Tut-20Env-v0,20,192.67494499182655,89023,714,4432.709401130676,37.51048278808594,-38.583980560302734,13.66171646118164,0.25
88,MetaDrive-Tut-20Env-v0,20,193.96983361415826,90043,719,4490.468486785889,40.11064147949219,-41.13294982910156,9.721580505371094,0.24
89,MetaDrive-Tut-20Env-v0,20,197.2281567521642,91104,723,4549.537159919739,40.00519561767578,,7.2534685134887695,0.26
90,MetaDrive-Tut-20Env-v0,19,203.82157893304205,92219,726,4612.03631567955,38.61389923095703,-39.76146697998047,14.34785270690918,0.28
91,MetaDrive-Tut-20Env-v0,19,205.56067461022286,93340,730,4674.891505718231,41.28436279296875,,6.812778472900391,0.28
92,MetaDrive-Tut-20Env-v0,19,207.4340827657549,94124,733,4718.060094118118,39.7564582824707,,8.627033233642578,0.28
93,MetaDrive-Tut-20Env-v0,19,209.45360951568261,95147,739,4775.17395067215,40.203712463378906,-40.210872650146484,10.014114379882812,0.29
94,MetaDrive-Tut-20Env-v0,19,208.87295561406987,96065,743,4826.602670669556,40.89594268798828,-40.23810577392578,11.608200073242188,0.3
95,MetaDrive-Tut-20Env-v0,19,203.1451905294623,97089,750,4884.082449913025,40.40409469604492,-40.8961067199707,7.721282958984375,0.27
96,MetaDrive-Tut-20Env-v0,19,206.53893586459057,98225,753,4948.4250156879425,39.81687545776367,-39.933738708496094,15.1751070022583,0.28
97,MetaDrive-Tut-20Env-v0,19,214.12801145282157,99411,756,5015.561961650848,43.402671813964844,-43.935882568359375,13.650657653808594,0.3
98,MetaDrive-Tut-20Env-v0,19,219.27340325594517,100130,758,5055.974992275238,42.531646728515625,,13.14143180847168,0.31
99,MetaDrive-Tut-20Env-v0,19,225.03765545005277,101201,761,5116.0102207660675,41.549530029296875,-42.196510314941406,19.702327728271484,0.33
100,MetaDrive-Tut-20Env-v0,19,226.8555941486104,102118,764,5167.456415653229,39.654685974121094,,31.024085998535156,0.34
101,MetaDrive-Tut-20Env-v0,19,222.60723720789986,103199,769,5228.04545044899,43.11003112792969,-43.324615478515625,5.1277618408203125,0.34
102,MetaDrive-Tut-20Env-v0,19,224.94116394867663,104221,771,5284.593241453171,42.287471771240234,-41.876163482666016,12.695056915283203,0.34
103,MetaDrive-Tut-20Env-v0,19,224.5357342238471,105036,774,5330.62680888176,43.189979553222656,,7.089621543884277,0.35
104,MetaDrive-Tut-20Env-v0,19,223.14947068705314,106249,779,5398.359738588333,40.875640869140625,-41.144622802734375,18.99083709716797,0.36
105,MetaDrive-Tut-20Env-v0,19,222.67439252531105,107019,783,5441.23299908638,40.459259033203125,-41.25532531738281,46.94806671142578,0.36
106,MetaDrive-Tut-20Env-v0,19,222.20533366624505,108054,788,5499.155224084854,42.58439254760742,,24.56730079650879,0.34
107,MetaDrive-Tut-20Env-v0,19,220.77522512636418,109341,793,5571.895407676697,40.73200607299805,-41.094329833984375,12.973920822143555,0.32
108,MetaDrive-Tut-20Env-v0,19,219.26480617439498,110075,797,5612.645884037018,42.32562255859375,-42.56216049194336,8.937915802001953,0.31
109,MetaDrive-Tut-20Env-v0,19,221.04677906525458,111404,800,5687.034182548523,42.41347122192383,,19.464061737060547,0.33
110,MetaDrive-Tut-20Env-v0,19,216.80266234019626,112253,804,5734.929394483566,42.28755187988281,-42.7764892578125,19.990955352783203,0.31
111,MetaDrive-Tut-20Env-v0,19,217.78674852974575,113088,807,5781.722428321838,43.98786926269531,,9.706631660461426,0.3
112,MetaDrive-Tut-20Env-v0,19,223.2934050309121,114210,811,5844.514781951904,42.72146987915039,,30.445571899414062,0.31
113,MetaDrive-Tut-20Env-v0,19,225.19734849032696,115200,814,5899.4337277412415,42.90757751464844,,16.131874084472656,0.32
114,MetaDrive-Tut-20Env-v0,19,226.23841991263387,116027,818,5945.594145298004,43.01478958129883,-43.65680694580078,21.33849334716797,0.32
115,MetaDrive-Tut-20Env-v0,19,223.87488182689245,117020,823,6000.722781181335,44.44677734375,,7.508810520172119,0.31
116,MetaDrive-Tut-20Env-v0,19,222.6639183866873,118018,826,6056.709036588669,42.988792419433594,,15.22052001953125,0.31
117,MetaDrive-Tut-20Env-v0,19,223.43260787047598,119200,830,6122.984156847,45.2177734375,,8.067798614501953,0.33
118,MetaDrive-Tut-20Env-v0,19,224.99958565091885,120297,835,6184.152668476105,43.72052764892578,-44.372283935546875,11.871623039245605,0.34
119,MetaDrive-Tut-20Env-v0,19,228.57799221430966,121133,837,6230.810385227203,43.93479919433594,-44.94890594482422,6.51109504699707,0.35
120,MetaDrive-Tut-20Env-v0,19,228.81835418321657,122125,841,6286.106719732285,42.223960876464844,-42.97737121582031,27.21741485595703,0.36
121,MetaDrive-Tut-20Env-v0,19,232.92804115530657,123188,844,6345.02347445488,43.624961853027344,,6.517609596252441,0.38
122,MetaDrive-Tut-20Env-v0,19,235.3070096992923,124087,848,6395.175026416779,44.75042724609375,-46.02996826171875,13.93818473815918,0.4
123,MetaDrive-Tut-20Env-v0,19,229.61252714999534,125250,854,6460.017611980438,43.97649383544922,,16.047035217285156,0.38
124,MetaDrive-Tut-20Env-v0,19,226.21146466250397,126032,857,6503.455765485764,45.213958740234375,,10.179230690002441,0.38
125,MetaDrive-Tut-20Env-v0,19,219.6691754240853,127080,862,6561.948958158493,46.317352294921875,,33.46476745605469,0.34
126,MetaDrive-Tut-20Env-v0,19,221.9461378480953,128298,866,6630.200989484787,45.466880798339844,,18.117778778076172,0.34
127,MetaDrive-Tut-20Env-v0,19,221.8952854405189,129139,869,6676.828754425049,47.53486251831055,-47.61846160888672,9.4818696975708,0.35
128,MetaDrive-Tut-20Env-v0,19,222.3836737707636,130245,872,6739.125270605087,44.88282775878906,-45.45200729370117,34.57150650024414,0.35
129,MetaDrive-Tut-20Env-v0,19,219.96459090040545,131052,877,6784.6540286540985,46.5765380859375,,13.352300643920898,0.34
130,MetaDrive-Tut-20Env-v0,19,222.36073714380836,132055,879,6840.922498703003,45.58128356933594,-46.42205047607422,9.926867485046387,0.35
131,MetaDrive-Tut-20Env-v0,19,227.5894084904463,133001,881,6893.774689435959,44.49809265136719,-45.01823425292969,10.697199821472168,0.36
132,MetaDrive-Tut-20Env-v0,19,231.01563020321476,134106,884,6955.122422218323,45.774818420410156,,21.062580108642578,0.38
133,MetaDrive-Tut-20Env-v0,19,227.8851305094963,135013,889,7005.778916358948,44.30863952636719,-45.19219970703125,29.477096557617188,0.39
134,MetaDrive-Tut-20Env-v0,19,229.68445867390713,136177,893,7071.161563158035,46.1457405090332,-46.700965881347656,8.413053512573242,0.42
135,MetaDrive-Tut-20Env-v0,19,233.7421050726139,137407,897,7140.105602264404,46.424625396728516,-47.0888671875,13.541149139404297,0.43
136,MetaDrive-Tut-20Env-v0,19,230.1671112555233,138043,900,7175.623239994049,45.85685729980469,-46.581947326660156,18.314727783203125,0.42
137,MetaDrive-Tut-20Env-v0,19,231.72317176586066,139455,905,7255.286005020142,44.22245788574219,-45.53083801269531,17.314624786376953,0.43
138,MetaDrive-Tut-20Env-v0,19,228.56749681069635,140062,908,7289.29563331604,44.0411376953125,,12.590351104736328,0.42
139,MetaDrive-Tut-20Env-v0,19,229.8694294969824,141128,911,7348.7367560863495,46.683921813964844,,8.954488754272461,0.43
140,MetaDrive-Tut-20Env-v0,19,231.39142069924466,142316,914,7414.761680603027,43.98682403564453,,54.142005920410156,0.44
141,MetaDrive-Tut-20Env-v0,19,235.143436406947,143370,917,7473.6302099227905,44.336891174316406,,17.053119659423828,0.45
142,MetaDrive-Tut-20Env-v0,19,234.02429774231288,144007,920,7509.314152956009,45.85680389404297,-46.64972686767578,17.110233306884766,0.46
143,MetaDrive-Tut-20Env-v0,19,235.97491783203014,145275,924,7580.1093900203705,48.17929458618164,-48.63182067871094,10.396710395812988,0.45
144,MetaDrive-Tut-20Env-v0,19,234.44354773561867,146106,927,7626.158431768417,46.41584014892578,,25.07059097290039,0.45
145,MetaDrive-Tut-20Env-v0,19,234.89142931230109,147232,931,7689.304008960724,47.6328125,,6.876211643218994,0.45
146,MetaDrive-Tut-20Env-v0,19,235.04929532109108,148317,935,7749.949776172638,45.80956268310547,-45.670108795166016,24.35812759399414,0.44
147,MetaDrive-Tut-20Env-v0,19,235.60980879028457,149111,937,7794.918003320694,46.66487121582031,-47.06191635131836,8.445053100585938,0.43
148,MetaDrive-Tut-20Env-v0,19,241.22870335561475,150441,940,7869.579993247986,45.54962921142578,-46.245513916015625,13.013561248779297,0.45
149,MetaDrive-Tut-20Env-v0,19,241.0049436071458,151095,942,7906.170944929123,48.47187042236328,-49.329803466796875,8.772815704345703,0.44
150,MetaDrive-Tut-20Env-v0,19,242.18953130792042,152038,945,7958.65539598465,47.313560485839844,,13.704126358032227,0.45
151,MetaDrive-Tut-20Env-v0,19,244.59974546001766,153409,949,8034.824125766754,47.05710220336914,-48.026123046875,15.94736099243164,0.46
152,MetaDrive-Tut-20Env-v0,19,247.77973505495504,154445,952,8092.926438331604,47.354515075683594,-47.727230072021484,21.591720581054688,0.48
153,MetaDrive-Tut-20Env-v0,19,249.0785352401748,155295,954,8139.58608174324,45.07356643676758,-45.7864990234375,20.777050018310547,0.49
154,MetaDrive-Tut-20Env-v0,19,251.22855544745272,156335,958,8197.413012266159,48.13949203491211,-48.44428634643555,6.183450698852539,0.51
155,MetaDrive-Tut-20Env-v0,19,253.72175864229155,157182,960,8243.965280771255,47.225746154785156,,15.35092544555664,0.52
156,MetaDrive-Tut-20Env-v0,19,257.39489597588585,158111,962,8296.048894643784,48.2251091003418,-48.40422821044922,13.969134330749512,0.54
157,MetaDrive-Tut-20Env-v0,19,256.0853400299808,159429,966,8369.956133842468,45.955265045166016,-46.446380615234375,10.552453994750977,0.54
158,MetaDrive-Tut-20Env-v0,19,255.1873437087536,160166,969,8410.697028160095,48.118412017822266,,27.533618927001953,0.54
159,MetaDrive-Tut-20Env-v0,19,255.65164556462977,161528,972,8486.923621416092,46.21873474121094,,26.165386199951172,0.54
160,MetaDrive-Tut-20Env-v0,19,258.7319816021332,162177,974,8523.497673749924,47.61473083496094,-48.466373443603516,11.1552095413208,0.54
161,MetaDrive-Tut-20Env-v0,19,261.95524251546783,163351,978,8588.59529209137,46.67017364501953,-47.834007263183594,21.533878326416016,0.56
162,MetaDrive-Tut-20Env-v0,19,257.86773513066845,164270,981,8639.896518945694,48.57923126220703,,17.310176849365234,0.56
163,MetaDrive-Tut-20Env-v0,19,257.4541385275623,165178,983,8690.670037269592,49.23377990722656,,13.809432983398438,0.56
164,MetaDrive-Tut-20Env-v0,18,262.8696047574915,166235,986,8749.321197748184,46.738311767578125,-46.86117935180664,18.643661499023438,0.58
165,MetaDrive-Tut-20Env-v0,18,267.45366818875823,167297,989,8808.6950776577,47.71571350097656,-47.90530776977539,8.70294189453125,0.6
166,MetaDrive-Tut-20Env-v0,18,267.3837152916848,168120,992,8854.507026195526,48.150569915771484,,10.468050956726074,0.6
167,MetaDrive-Tut-20Env-v0,18,268.45592361711863,169218,995,8915.900152683258,47.66106033325195,,13.69186782836914,0.6
168,MetaDrive-Tut-20Env-v0,18,264.7798106011467,170028,998,8961.90644812584,49.026939392089844,,7.763062477111816,0.58
169,MetaDrive-Tut-20Env-v0,18,267.169910605223,171025,1002,9017.504997491837,49.04052734375,-49.454490661621094,12.428443908691406,0.58
170,MetaDrive-Tut-20Env-v0,18,261.211872181484,172027,1007,9073.48933339119,45.635345458984375,-45.953460693359375,23.490718841552734,0.58
171,MetaDrive-Tut-20Env-v0,18,263.33366438838146,173404,1011,9150.24923992157,48.89392852783203,,9.907808303833008,0.6
172,MetaDrive-Tut-20Env-v0,18,260.6882772105553,174199,1014,9194.439623832703,47.30414962768555,-47.60124588012695,8.183727264404297,0.59
173,MetaDrive-Tut-20Env-v0,18,260.4360799496255,175120,1017,9246.299601316452,46.39944076538086,,13.807500839233398,0.59
174,MetaDrive-Tut-20Env-v0,18,263.76723654498977,176237,1020,9308.110476732254,47.38609313964844,-48.27821350097656,12.947893142700195,0.61
175,MetaDrive-Tut-20Env-v0,18,267.3559981340049,177420,1023,9373.980191469193,44.55204391479492,,13.511049270629883,0.63
176,MetaDrive-Tut-20Env-v0,18,267.59183068653476,178277,1025,9421.692403316498,46.67008590698242,-47.28345489501953,13.441845893859863,0.63
177,MetaDrive-Tut-20Env-v0,18,270.37223515312286,179167,1027,9470.452258586884,48.74901580810547,-49.219940185546875,17.172473907470703,0.64
178,MetaDrive-Tut-20Env-v0,18,272.149652433765,180433,1030,9540.953443050385,47.78645324707031,-47.83924865722656,15.699081420898438,0.66
179,MetaDrive-Tut-20Env-v0,18,274.3082588225994,181471,1033,9598.728801727295,47.12110900878906,-47.660118103027344,17.99502944946289,0.66
180,MetaDrive-Tut-20Env-v0,18,273.7032825587279,182220,1036,9640.381528139114,48.167240142822266,,11.723037719726562,0.68
181,MetaDrive-Tut-20Env-v0,18,270.95713246852574,183241,1039,9697.15694642067,49.389747619628906,-50.38212585449219,10.046706199645996,0.67
182,MetaDrive-Tut-20Env-v0,18,271.2127789409653,184105,1041,9745.442194700241,47.9111213684082,-49.079193115234375,14.06429672241211,0.68
183,MetaDrive-Tut-20Env-v0,18,267.66889065374676,185275,1045,9810.769077062607,50.425628662109375,-50.55994415283203,10.457764625549316,0.67
184,MetaDrive-Tut-20Env-v0,18,269.7524243963432,186130,1047,9857.928221702576,47.62394714355469,,12.496857643127441,0.68
185,MetaDrive-Tut-20Env-v0,18,270.17697686636495,187077,1049,9910.744573116302,47.90740966796875,-48.406837463378906,11.090190887451172,0.68
186,MetaDrive-Tut-20Env-v0,18,269.6452313191722,188062,1052,9965.831063508987,48.497222900390625,,14.143682479858398,0.68
187,MetaDrive-Tut-20Env-v0,18,270.0205883403594,189312,1056,10035.429132938385,46.09435272216797,,10.438185691833496,0.68
188,MetaDrive-Tut-20Env-v0,18,266.46277883463614,190415,1060,10096.340680122375,49.63127899169922,-49.88615417480469,7.4652910232543945,0.66
189,MetaDrive-Tut-20Env-v0,18,264.3079227973295,191071,1062,10132.58032488823,46.964027404785156,-47.607177734375,39.66416931152344,0.66
190,MetaDrive-Tut-20Env-v0,18,267.03279275615495,192111,1065,10190.219194412231,48.52861022949219,-48.17617416381836,10.616535186767578,0.68
191,MetaDrive-Tut-20Env-v0,18,264.64699238032784,193115,1069,10246.353567361832,49.46134948730469,-50.09070587158203,9.336091995239258,0.66
192,MetaDrive-Tut-20Env-v0,18,261.5123606904316,194057,1072,10299.132837295532,49.314998626708984,-49.48652648925781,31.14488410949707,0.65
193,MetaDrive-Tut-20Env-v0,18,261.8735516684883,195270,1075,10367.335043907166,47.90082931518555,,26.08535385131836,0.65
194,MetaDrive-Tut-20Env-v0,18,263.5193273956478,196088,1077,10412.446368217468,47.7572021484375,,31.668689727783203,0.66
195,MetaDrive-Tut-20Env-v0,18,261.68179066259165,197098,1081,10469.161636829376,49.66914367675781,,10.488576889038086,0.64
196,MetaDrive-Tut-20Env-v0,18,261.6896818097332,198080,1083,10523.475414037704,47.8510856628418,,10.962267875671387,0.64
197,MetaDrive-Tut-20Env-v0,18,256.93423927886624,199316,1088,10593.404316425323,47.693031311035156,,24.55308723449707,0.6
198,MetaDrive-Tut-20Env-v0,18,259.7464641292545,200346,1091,10650.434727668762,48.7872428894043,,16.234222412109375,0.61
199,MetaDrive-Tut-20Env-v0,18,259.4119601475493,201020,1093,10688.08214020729,47.176422119140625,,11.17775821685791,0.61
200,MetaDrive-Tut-20Env-v0,18,256.72428481828115,202115,1097,10749.27117395401,48.15359115600586,-49.121341705322266,29.569828033447266,0.62
201,MetaDrive-Tut-20Env-v0,18,262.6261508767703,203298,1100,10815.039577007294,50.185264587402344,,23.674335479736328,0.65
202,MetaDrive-Tut-20Env-v0,18,266.08793653134194,204272,1102,10870.032227277756,47.824066162109375,,18.553804397583008,0.66
203,MetaDrive-Tut-20Env-v0,18,267.7196699223364,205132,1104,10918.127086639404,48.99382400512695,,11.86893081665039,0.66
204,MetaDrive-Tut-20Env-v0,18,270.82770248486526,206299,1108,10983.68821811676,50.06861114501953,-50.35734558105469,32.0689582824707,0.67
205,MetaDrive-Tut-20Env-v0,18,271.9039153790828,207035,1110,11024.345227956772,47.1417236328125,-47.47942352294922,23.021419525146484,0.68
206,MetaDrive-Tut-20Env-v0,18,271.2789975947323,208369,1114,11098.818727254868,47.14540100097656,-47.65178680419922,12.333547592163086,0.68
207,MetaDrive-Tut-20Env-v0,18,271.6322322637701,209311,1117,11150.979851007462,49.1209602355957,-49.71786117553711,16.857784271240234,0.69
208,MetaDrive-Tut-20Env-v0,18,270.9954885875486,210262,1120,11204.218503952026,48.57633972167969,,9.080717086791992,0.68
209,MetaDrive-Tut-20Env-v0,18,268.5322544621121,211227,1123,11258.197752714157,46.96984100341797,-47.00679397583008,16.24616050720215,0.68
210,MetaDrive-Tut-20Env-v0,18,266.65038497605155,212134,1126,11309.09760594368,50.25632095336914,,12.495014190673828,0.66
211,MetaDrive-Tut-20Env-v0,18,265.85239977798915,213258,1129,11372.066919088364,48.313106536865234,,11.048572540283203,0.65
212,MetaDrive-Tut-20Env-v0,18,265.04135202884464,214164,1132,11422.77149939537,49.704010009765625,,8.492624282836914,0.65
213,MetaDrive-Tut-20Env-v0,18,265.52840979368625,215127,1134,11476.863746881485,48.824127197265625,-48.70412063598633,9.144360542297363,0.64
214,MetaDrive-Tut-20Env-v0,18,262.0038174662509,216092,1139,11531.822002887726,50.312713623046875,,15.696975708007812,0.61
215,MetaDrive-Tut-20Env-v0,18,260.9909172181415,217070,1143,11586.669407129288,46.85915756225586,,8.719770431518555,0.6
216,MetaDrive-Tut-20Env-v0,18,256.11660308036886,218205,1147,11649.992436408997,48.5678596496582,-48.840476989746094,34.05198669433594,0.57
217,MetaDrive-Tut-20Env-v0,18,253.5206219645669,219171,1150,11703.876433849335,47.85264587402344,-48.0835075378418,15.073888778686523,0.56
218,MetaDrive-Tut-20Env-v0,18,248.63273102157393,220376,1156,11771.47761130333,47.32347869873047,,10.843780517578125,0.53
219,MetaDrive-Tut-20Env-v0,18,251.9783055177554,221009,1158,11805.978613615036,49.8525276184082,-50.26477813720703,6.7087602615356445,0.55
220,MetaDrive-Tut-20Env-v0,18,252.67529110919506,222287,1161,11877.239763975143,49.1251335144043,-50.44711685180664,15.033119201660156,0.54
221,MetaDrive-Tut-20Env-v0,18,252.3683853885671,223004,1163,11916.299159288406,50.084815979003906,,32.827964782714844,0.53
222,MetaDrive-Tut-20Env-v0,18,254.47075172513,224231,1166,11984.435054540634,48.91481399536133,-48.53112030029297,13.522003173828125,0.54
223,MetaDrive-Tut-20Env-v0,18,256.11909869202753,225314,1169,12044.769563674927,48.104736328125,,9.91775894165039,0.55
224,MetaDrive-Tut-20Env-v0,18,257.0283833053964,226054,1171,12085.869059562683,49.304203033447266,,11.505294799804688,0.56
225,MetaDrive-Tut-20Env-v0,18,253.0388082458666,227640,1174,12174.011875867844,48.25822067260742,,15.408819198608398,0.55
226,MetaDrive-Tut-20Env-v0,18,253.07640947571576,228308,1176,12211.028034687042,48.0864143371582,,15.416465759277344,0.56
227,MetaDrive-Tut-20Env-v0,18,252.47559795250697,229257,1179,12263.849775314331,48.20848083496094,-48.3995361328125,11.732359886169434,0.56
228,MetaDrive-Tut-20Env-v0,18,253.07146230855633,230113,1181,12311.627174139023,49.19139099121094,-49.76166915893555,17.468860626220703,0.57
229,MetaDrive-Tut-20Env-v0,18,251.86244630061975,231266,1185,12376.307481765747,48.56890106201172,,11.095842361450195,0.57
230,MetaDrive-Tut-20Env-v0,18,253.39758913613855,232171,1187,12426.455634355545,49.438720703125,-50.198726654052734,8.680822372436523,0.59
231,MetaDrive-Tut-20Env-v0,18,253.4375114266334,233301,1190,12489.987920761108,49.96556091308594,-50.77246856689453,9.756900787353516,0.58
232,MetaDrive-Tut-20Env-v0,18,254.04291359165282,234195,1191,12539.979637145996,47.404090881347656,-48.14515686035156,10.84187126159668,0.58
233,MetaDrive-Tut-20Env-v0,18,257.0979219846618,235453,1194,12611.055411577225,46.44491958618164,-47.17404556274414,12.12381649017334,0.58
234,MetaDrive-Tut-20Env-v0,18,259.2877201394582,236201,1196,12652.457504272461,48.372291564941406,-48.46832275390625,22.98728370666504,0.6
235,MetaDrive-Tut-20Env-v0,18,261.34803945078215,237104,1198,12703.734079122543,48.643341064453125,,11.863598823547363,0.59
236,MetaDrive-Tut-20Env-v0,18,255.10908645114768,238119,1202,12761.067918300629,46.41147994995117,-47.28582000732422,13.901615142822266,0.57
237,MetaDrive-Tut-20Env-v0,18,257.52771997092617,239263,1205,12825.349966287613,47.354286193847656,-47.509910583496094,17.791933059692383,0.57
238,MetaDrive-Tut-20Env-v0,18,257.4545468778415,240143,1208,12875.164535522461,46.04900360107422,-45.797447204589844,27.477754592895508,0.56
239,MetaDrive-Tut-20Env-v0,18,258.07208493223015,241067,1210,12926.524586200714,48.230125427246094,-49.41025924682617,12.186574935913086,0.56
240,MetaDrive-Tut-20Env-v0,18,258.19844291582007,242148,1213,12986.656555652618,46.324851989746094,,8.214415550231934,0.56
241,MetaDrive-Tut-20Env-v0,18,254.35879317681614,243156,1217,13042.288941383362,47.392173767089844,,33.41580581665039,0.55
242,MetaDrive-Tut-20Env-v0,18,255.33931058988674,244395,1220,13111.702318906784,45.97227478027344,-46.78059387207031,11.871910095214844,0.54
243,MetaDrive-Tut-20Env-v0,18,255.26857059201592,245299,1223,13161.95485830307,45.36000442504883,-45.28084182739258,12.274123191833496,0.54
244,MetaDrive-Tut-20Env-v0,18,255.54636556799505,246028,1225,13202.1373026371,48.71548080444336,,11.31478500366211,0.54
245,MetaDrive-Tut-20Env-v0,18,254.03421295655292,247067,1228,13259.544058322906,47.9499626159668,-47.85151290893555,9.907816886901855,0.54
246,MetaDrive-Tut-20Env-v0,18,254.05166663739735,248014,1231,13312.225320100784,46.71369934082031,,10.189727783203125,0.55
247,MetaDrive-Tut-20Env-v0,18,254.93594193720392,249008,1234,13368.207204341888,49.38159942626953,,38.67534637451172,0.54
248,MetaDrive-Tut-20Env-v0,18,255.47737428088266,250043,1238,13426.27819776535,46.746070861816406,-47.562042236328125,12.403450012207031,0.56
249,MetaDrive-Tut-20Env-v0,18,260.2770653211714,251014,1240,13480.32695555687,47.0092887878418,,10.149747848510742,0.58
250,MetaDrive-Tut-20Env-v0,18,260.83538041937413,252051,1243,13538.193450212479,47.750633239746094,-48.01236343383789,21.81711769104004,0.58
251,MetaDrive-Tut-20Env-v0,18,265.0142830932473,253034,1246,13593.198021650314,47.79435729980469,,22.82332992553711,0.59
252,MetaDrive-Tut-20Env-v0,18,266.8425605983835,254519,1250,13676.69204735756,47.96493911743164,-48.152435302734375,19.39385414123535,0.6
253,MetaDrive-Tut-20Env-v0,18,269.25832096073447,255120,1252,13710.566974878311,45.79237365722656,,24.930179595947266,0.61
254,MetaDrive-Tut-20Env-v0,18,275.66326431804407,256259,1255,13774.291258096695,48.30398178100586,-49.676395416259766,30.556718826293945,0.63
255,MetaDrive-Tut-20Env-v0,18,275.09785197774374,257159,1258,13824.572155952454,45.27423095703125,-46.05164337158203,17.974517822265625,0.62
256,MetaDrive-Tut-20Env-v0,18,273.50084246262975,258393,1261,13892.993036985397,45.88809585571289,-46.19709014892578,14.527409553527832,0.62
257,MetaDrive-Tut-20Env-v0,18,273.6467418155495,259079,1263,13931.284501314163,48.01852035522461,-48.27728271484375,18.796276092529297,0.63
258,MetaDrive-Tut-20Env-v0,18,273.31655059481136,260362,1266,14002.7257874012,48.25581359863281,,12.46506404876709,0.62
259,MetaDrive-Tut-20Env-v0,18,270.13426420628116,261018,1269,14039.402903795242,46.925010681152344,,11.003778457641602,0.6
260,MetaDrive-Tut-20Env-v0,18,270.38041302582593,262445,1272,14118.422037124634,45.87070083618164,-47.139530181884766,24.880943298339844,0.6
261,MetaDrive-Tut-20Env-v0,18,274.9686734962656,263238,1274,14162.676307678223,47.09304428100586,,29.251953125,0.62
262,MetaDrive-Tut-20Env-v0,18,276.8646276919297,264450,1277,14230.642388343811,47.562255859375,,9.732311248779297,0.61
263,MetaDrive-Tut-20Env-v0,18,279.22691393683044,265219,1279,14273.22395825386,47.59539031982422,-47.56692123413086,12.780677795410156,0.61
264,MetaDrive-Tut-20Env-v0,18,276.5904694272952,266225,1282,14329.132828712463,49.253265380859375,-49.9180908203125,11.162174224853516,0.6
265,MetaDrive-Tut-20Env-v0,18,275.3484993392309,267006,1285,14372.400574207306,46.79076385498047,,19.83665657043457,0.6
266,MetaDrive-Tut-20Env-v0,18,271.4437017004038,268035,1289,14429.00754404068,45.6157341003418,-46.48053741455078,6.653234958648682,0.58
267,MetaDrive-Tut-20Env-v0,18,268.7684688701552,269359,1292,14502.776783943176,46.87574005126953,-47.125267028808594,9.52503776550293,0.58
268,MetaDrive-Tut-20Env-v0,18,269.08099194763,270084,1294,14543.294983148575,47.870208740234375,,25.818195343017578,0.59
269,MetaDrive-Tut-20Env-v0,18,264.3180633768554,271133,1298,14602.063232660294,47.37160873413086,-47.50981140136719,20.015043258666992,0.58
270,MetaDrive-Tut-20Env-v0,18,265.2276106357676,272095,1301,14655.815783977509,46.77986145019531,-47.149147033691406,20.833171844482422,0.58
271,MetaDrive-Tut-20Env-v0,18,264.1596650708224,273024,1304,14707.97227525711,47.83607482910156,,11.060131072998047,0.58
272,MetaDrive-Tut-20Env-v0,18,262.6029611009013,274286,1308,14778.400282859802,46.31206512451172,,10.990692138671875,0.6
273,MetaDrive-Tut-20Env-v0,18,263.71936837640874,275337,1311,14836.35262799263,45.868919372558594,-45.197265625,13.063581466674805,0.6
274,MetaDrive-Tut-20Env-v0,18,263.75726217426666,276273,1313,14888.411489486694,48.0629997253418,-48.44553756713867,7.792165756225586,0.6
275,MetaDrive-Tut-20Env-v0,18,264.37064893305086,277288,1317,14945.225994825363,46.26430892944336,,13.592610359191895,0.6
276,MetaDrive-Tut-20Env-v0,18,268.6356454285739,278390,1319,15007.245258808136,46.84944152832031,,10.89877700805664,0.61
277,MetaDrive-Tut-20Env-v0,18,264.52426015030966,279022,1322,15042.604593276978,45.98278045654297,,19.430355072021484,0.6
278,MetaDrive-Tut-20Env-v0,18,268.0612149346863,280378,1325,15118.09346461296,46.78107833862305,,11.250186920166016,0.61
279,MetaDrive-Tut-20Env-v0,18,265.45624299698477,281027,1328,15154.268430233002,46.13840103149414,-47.29254913330078,11.579658508300781,0.6
280,MetaDrive-Tut-20Env-v0,18,266.47501239717,282118,1331,15214.781423091888,43.043800354003906,,11.759761810302734,0.61
281,MetaDrive-Tut-20Env-v0,18,265.6324740890159,283004,1333,15264.482835769653,44.05347442626953,,14.153108596801758,0.62
282,MetaDrive-Tut-20Env-v0,18,268.28529307543744,284371,1336,15340.999272823334,44.081809997558594,-44.72985076904297,12.093204498291016,0.62
283,MetaDrive-Tut-20Env-v0,18,271.8854892803715,285007,1337,15376.76492023468,43.41501235961914,-44.45280456542969,10.612308502197266,0.63
284,MetaDrive-Tut-20Env-v0,18,270.6021146239818,286300,1341,15449.678015947342,44.403106689453125,,19.391544342041016,0.62
285,MetaDrive-Tut-20Env-v0,18,273.010462770392,287442,1343,15514.380637168884,44.2015380859375,,10.569317817687988,0.63
286,MetaDrive-Tut-20Env-v0,18,273.11395066777686,288046,1345,15547.74052119255,45.37690734863281,,11.120269775390625,0.64
287,MetaDrive-Tut-20Env-v0,18,273.0031242729399,289017,1348,15602.381192207336,46.41044616699219,-45.97724533081055,18.548845291137695,0.64
288,MetaDrive-Tut-20Env-v0,18,270.01432518256445,290081,1351,15662.16009092331,46.32377243041992,-46.88033676147461,11.236797332763672,0.63
289,MetaDrive-Tut-20Env-v0,18,272.3911496647245,291121,1353,15720.529900312424,44.192901611328125,-44.2962646484375,26.750263214111328,0.63
290,MetaDrive-Tut-20Env-v0,18,270.6080074550808,292383,1357,15790.496442079544,48.00576400756836,-48.30805206298828,9.496084213256836,0.64
291,MetaDrive-Tut-20Env-v0,18,270.577587915017,293146,1359,15832.991228580475,46.812469482421875,,15.008038520812988,0.64
292,MetaDrive-Tut-20Env-v0,18,274.70840252322773,294339,1361,15899.771292448044,45.639827728271484,-46.12445831298828,16.165809631347656,0.65
293,MetaDrive-Tut-20Env-v0,18,275.1020114390583,295001,1363,15936.371254205704,45.74470520019531,-46.139312744140625,13.165138244628906,0.65
294,MetaDrive-Tut-20Env-v0,18,273.620002700736,296146,1367,16000.70160150528,45.70381164550781,,16.512950897216797,0.65
295,MetaDrive-Tut-20Env-v0,18,274.9919959686924,297146,1370,16056.559025526047,45.58843994140625,,10.84206771850586,0.66
296,MetaDrive-Tut-20Env-v0,18,274.7227586850206,298002,1372,16104.557084560394,47.54642868041992,,8.425016403198242,0.66
297,MetaDrive-Tut-20Env-v0,18,272.5118216357595,299046,1375,16162.829363822937,44.97449493408203,,9.38547134399414,0.65
298,MetaDrive-Tut-20Env-v0,18,270.91620753411553,300227,1378,16228.68243432045,45.844120025634766,-46.50518798828125,54.22000503540039,0.67
299,MetaDrive-Tut-20Env-v0,18,271.1034265055377,301149,1380,16279.513422727585,47.18126678466797,-47.99047088623047,12.042617797851562,0.67
300,MetaDrive-Tut-20Env-v0,18,271.70124924947186,302074,1383,16330.800179481506,44.5023193359375,,7.946366310119629,0.67
301,MetaDrive-Tut-20Env-v0,18,274.765628588426,303151,1386,16391.069997549057,44.247947692871094,-45.22433090209961,15.743443489074707,0.67
302,MetaDrive-Tut-20Env-v0,18,278.78378139690153,304250,1388,16452.686079263687,44.236000061035156,,14.573519706726074,0.69
303,MetaDrive-Tut-20Env-v0,18,278.37662083191873,305187,1390,16505.316363573074,45.58318328857422,-45.709930419921875,21.845544815063477,0.69
304,MetaDrive-Tut-20Env-v0,18,280.31112725444893,306445,1392,16575.383318662643,45.65966796875,-46.54955291748047,22.003501892089844,0.7
305,MetaDrive-Tut-20Env-v0,18,280.17941164395125,307516,1395,16634.93063044548,45.06025695800781,,11.128120422363281,0.68
306,MetaDrive-Tut-20Env-v0,18,282.2698141451231,308086,1396,16666.297790765762,47.30179214477539,,10.20287799835205,0.69
307,MetaDrive-Tut-20Env-v0,18,282.2265364752338,309651,1399,16754.351695775986,47.844261169433594,-48.536598205566406,9.433186531066895,0.69
308,MetaDrive-Tut-20Env-v0,18,282.0488447015399,310210,1400,16785.295840978622,43.91086196899414,,10.287272453308105,0.69
309,MetaDrive-Tut-20Env-v0,18,283.6241608545247,311471,1402,16856.637891292572,46.54876708984375,-46.591285705566406,15.460676193237305,0.69
310,MetaDrive-Tut-20Env-v0,18,285.492146422046,312472,1403,16911.91139292717,45.82804870605469,,10.838642120361328,0.68
311,MetaDrive-Tut-20Env-v0,18,285.5481801960965,313849,1405,16987.74026107788,45.717185974121094,-46.568572998046875,11.61911678314209,0.68
312,MetaDrive-Tut-20Env-v0,18,288.3417318033532,314176,1406,17006.50109410286,46.40399932861328,,10.375595092773438,0.68
313,MetaDrive-Tut-20Env-v0,18,289.77199933061416,315380,1408,17073.961388111115,44.9008903503418,,11.29729175567627,0.66
314,MetaDrive-Tut-20Env-v0,18,290.3224300432258,316381,1409,17128.933780431747,45.09828567504883,-46.2457275390625,9.739288330078125,0.66
315,MetaDrive-Tut-20Env-v0,18,290.14040903732615,317382,1410,17184.19240283966,44.38783645629883,,7.826838970184326,0.66
316,MetaDrive-Tut-20Env-v0,18,287.85148327813016,318551,1412,17248.64484190941,45.433128356933594,-46.35149383544922,7.163389205932617,0.64
317,MetaDrive-Tut-20Env-v0,18,287.58587823372966,319500,1413,17301.12527179718,46.713287353515625,,8.63615608215332,0.64
318,MetaDrive-Tut-20Env-v0,18,290.20310638954595,320501,1414,17356.561812400818,46.38237380981445,-45.797882080078125,10.36127758026123,0.64
319,MetaDrive-Tut-20Env-v0,18,292.3571651213822,321123,1415,17391.442629814148,44.71771240234375,-45.1751708984375,18.973318099975586,0.64
320,MetaDrive-Tut-20Env-v0,18,292.74122567314566,322030,1416,17441.276877880096,47.31558609008789,,14.235489845275879,0.64
321,MetaDrive-Tut-20Env-v0,18,292.11755825551796,323226,1418,17507.444097995758,45.3749885559082,,11.034753799438477,0.64
322,MetaDrive-Tut-20Env-v0,18,294.719817819383,324505,1421,17578.084019184113,45.3798713684082,-46.63438415527344,9.579852104187012,0.66
323,MetaDrive-Tut-20Env-v0,18,294.5091370472106,325497,1423,17633.18305540085,45.419063568115234,-45.0305061340332,36.50322341918945,0.66
324,MetaDrive-Tut-20Env-v0,18,293.0561240375113,326036,1424,17663.025425434113,43.671783447265625,,13.106367111206055,0.66
325,MetaDrive-Tut-20Env-v0,18,293.5501768490884,327418,1426,17739.28077197075,43.760047912597656,,11.361053466796875,0.66
326,MetaDrive-Tut-20Env-v0,18,296.963219086596,328121,1427,17778.50764131546,46.847930908203125,-47.12419128417969,12.770974159240723,0.67
327,MetaDrive-Tut-20Env-v0,18,296.5181549607205,329178,1430,17838.190663337708,45.76725769042969,,12.912327766418457,0.66
328,MetaDrive-Tut-20Env-v0,18,294.3956401016742,330548,1433,17914.36803817749,46.00366973876953,,8.066841125488281,0.65
329,MetaDrive-Tut-20Env-v0,18,291.3081649381449,331253,1435,17953.56316256523,43.59959411621094,-43.65475845336914,16.031993865966797,0.65
330,MetaDrive-Tut-20Env-v0,18,288.1724294869297,332301,1437,18011.79704594612,45.04035949707031,-44.96336364746094,10.91910457611084,0.65
331,MetaDrive-Tut-20Env-v0,18,294.0941713860641,333473,1439,18077.220338582993,44.380218505859375,-45.0124626159668,9.852376937866211,0.67
332,MetaDrive-Tut-20Env-v0,18,296.4028332204164,334134,1440,18114.278129339218,46.47654724121094,,6.523421764373779,0.68
333,MetaDrive-Tut-20Env-v0,18,293.42633757279856,335263,1442,18177.03470468521,45.511253356933594,-46.15981674194336,10.88664436340332,0.68
334,MetaDrive-Tut-20Env-v0,18,292.7850776417666,336085,1444,18223.16576552391,45.145606994628906,-45.905487060546875,21.715763092041016,0.67
335,MetaDrive-Tut-20Env-v0,18,295.2125140440735,337167,1446,18283.51212286949,46.879051208496094,-47.69035720825195,14.43199348449707,0.68
336,MetaDrive-Tut-20Env-v0,18,296.22885508089934,338182,1448,18339.893024683,47.02064514160156,,12.026379585266113,0.68
337,MetaDrive-Tut-20Env-v0,18,295.0888246479262,339473,1451,18411.208033561707,43.311641693115234,-44.406646728515625,8.788379669189453,0.7
338,MetaDrive-Tut-20Env-v0,18,295.2736189447912,340077,1452,18445.795352220535,44.37751007080078,-45.14140319824219,21.606950759887695,0.7
339,MetaDrive-Tut-20Env-v0,18,296.66990969302105,341011,1454,18497.407253742218,45.04625701904297,-45.364627838134766,12.96653938293457,0.7
340,MetaDrive-Tut-20Env-v0,18,297.2952881439831,342433,1457,18575.746406316757,44.60737991333008,-44.330631256103516,17.003910064697266,0.7
341,MetaDrive-Tut-20Env-v0,18,298.2642749612498,343429,1459,18631.704424381256,44.445831298828125,-44.389259338378906,10.489412307739258,0.7
342,MetaDrive-Tut-20Env-v0,18,298.29254862715015,344046,1460,18666.22962999344,46.026737213134766,,8.300796508789062,0.7
343,MetaDrive-Tut-20Env-v0,18,298.4471940924113,345510,1463,18747.956305742264,43.61989212036133,,16.070404052734375,0.7
344,MetaDrive-Tut-20Env-v0,18,299.22312089540077,346240,1465,18788.399836063385,44.06726837158203,,15.763296127319336,0.71
345,MetaDrive-Tut-20Env-v0,18,302.46290515571553,347293,1467,18846.925062417984,45.02272415161133,-46.334922790527344,9.715246200561523,0.72
346,MetaDrive-Tut-20Env-v0,18,303.45805280346013,348300,1469,18903.140306949615,41.98616027832031,,9.853609085083008,0.73
347,MetaDrive-Tut-20Env-v0,18,301.7134929396464,349419,1472,18965.490789413452,45.276790618896484,-45.976959228515625,10.04350757598877,0.71
348,MetaDrive-Tut-20Env-v0,18,303.33239375558196,350274,1474,19013.079071044922,44.25416564941406,,15.335996627807617,0.71
349,MetaDrive-Tut-20Env-v0,18,304.97520863454275,351284,1476,19069.66008901596,43.04907989501953,,15.113971710205078,0.72
350,MetaDrive-Tut-20Env-v0,18,304.26673430897387,352057,1478,19112.728974103928,45.72372817993164,-46.0130729675293,9.772497177124023,0.71
351,MetaDrive-Tut-20Env-v0,18,306.3481322302204,353292,1481,19181.2257707119,45.587074279785156,,11.193344116210938,0.72
352,MetaDrive-Tut-20Env-v0,18,307.67723809114045,354246,1483,19234.501801013947,42.71513366699219,,10.346019744873047,0.72
353,MetaDrive-Tut-20Env-v0,18,311.38825555623436,355473,1485,19302.718019485474,44.752037048339844,-45.82245635986328,17.363914489746094,0.73
354,MetaDrive-Tut-20Env-v0,18,310.42835836072106,356119,1487,19339.00159406662,43.1185188293457,-42.92897033691406,9.470972061157227,0.73
355,MetaDrive-Tut-20Env-v0,18,311.70620762836387,357082,1489,19392.555598020554,43.07128143310547,,8.1282320022583,0.74
356,MetaDrive-Tut-20Env-v0,18,311.2650040319618,358090,1491,19449.441612005234,46.192344665527344,,7.680654525756836,0.74
357,MetaDrive-Tut-20Env-v0,18,314.8530375436342,359302,1493,19516.92665362358,44.44569396972656,,11.955911636352539,0.75
358,MetaDrive-Tut-20Env-v0,18,317.44605606013215,360071,1495,19559.91832113266,42.572509765625,-42.42943572998047,8.165237426757812,0.77
359,MetaDrive-Tut-20Env-v0,18,314.6870478170991,361241,1499,19624.623689174652,44.082855224609375,-44.3172607421875,8.528900146484375,0.76
360,MetaDrive-Tut-20Env-v0,18,315.1165619452973,362301,1501,19683.730154514313,42.24688720703125,-43.338138580322266,16.864606857299805,0.76
361,MetaDrive-Tut-20Env-v0,18,316.01023884699,363383,1503,19744.773340702057,44.064552307128906,-44.222625732421875,11.601587295532227,0.78
362,MetaDrive-Tut-20Env-v0,18,320.2405190236967,364545,1505,19810.319490671158,40.90933609008789,-41.17366027832031,9.47661018371582,0.79
363,MetaDrive-Tut-20Env-v0,18,314.98220589982554,365436,1508,19859.895239830017,44.53601837158203,,7.728726863861084,0.8
364,MetaDrive-Tut-20Env-v0,18,314.7044436068486,366290,1510,19907.039927959442,45.08727264404297,,10.521242141723633,0.81
365,MetaDrive-Tut-20Env-v0,18,315.376182091647,367005,1512,19947.12216234207,42.0006217956543,-41.90645980834961,13.005895614624023,0.82
366,MetaDrive-Tut-20Env-v0,18,313.64478752858867,368222,1515,20015.26934504509,42.91118240356445,,8.804780960083008,0.84
367,MetaDrive-Tut-20Env-v0,18,309.44124211515833,369089,1518,20063.733754634857,43.224761962890625,-43.83307647705078,10.520919799804688,0.82
368,MetaDrive-Tut-20Env-v0,18,311.54514732073164,370525,1521,20142.932953357697,45.20486831665039,-45.77482604980469,13.016279220581055,0.83
369,MetaDrive-Tut-20Env-v0,18,313.20598082950715,371086,1522,20174.01726460457,45.377464294433594,,8.85894775390625,0.83
370,MetaDrive-Tut-20Env-v0,18,313.33137729301984,372710,1524,20264.10948085785,43.48539733886719,,7.6943769454956055,0.82
371,MetaDrive-Tut-20Env-v0,18,313.2151826843926,373711,1525,20318.76133608818,43.695953369140625,-44.12079620361328,30.7554931640625,0.81
372,MetaDrive-Tut-20Env-v0,18,308.3753288573764,374184,1527,20345.302147865295,43.823219299316406,,18.438945770263672,0.79
373,MetaDrive-Tut-20Env-v0,18,310.2198605782021,375185,1528,20400.30205631256,42.47172546386719,-42.785911560058594,8.685358047485352,0.79
374,MetaDrive-Tut-20Env-v0,18,311.32889455104663,376272,1530,20460.93058347702,43.688941955566406,,9.967813491821289,0.8
375,MetaDrive-Tut-20Env-v0,18,315.4209393493736,377065,1531,20505.193031549454,43.233665466308594,-44.56855010986328,10.125617027282715,0.81
376,MetaDrive-Tut-20Env-v0,18,318.4154148215266,378546,1534,20588.70661330223,43.50254821777344,,10.340126037597656,0.81
377,MetaDrive-Tut-20Env-v0,18,320.6370982331612,379257,1535,20627.95953130722,42.566864013671875,-43.169010162353516,10.05216121673584,0.81
378,MetaDrive-Tut-20Env-v0,18,319.38623938908654,380183,1537,20679.282428741455,43.204803466796875,-43.172935485839844,11.869112014770508,0.8
379,MetaDrive-Tut-20Env-v0,18,319.44083854413793,381232,1539,20737.579696655273,41.760284423828125,,9.375904083251953,0.8
380,MetaDrive-Tut-20Env-v0,18,318.9101467695262,382407,1541,20803.02947473526,43.29013442993164,-43.190269470214844,13.101238250732422,0.8
381,MetaDrive-Tut-20Env-v0,18,320.097299082913,383089,1542,20841.110855817795,42.72654724121094,-43.418212890625,11.990673065185547,0.8
382,MetaDrive-Tut-20Env-v0,18,319.41714870795624,384338,1545,20910.579954385757,42.24531555175781,,9.425521850585938,0.8
383,MetaDrive-Tut-20Env-v0,18,319.9365029678576,385020,1546,20948.719777822495,41.72884750366211,,9.981119155883789,0.8
384,MetaDrive-Tut-20Env-v0,18,322.7801065718719,386299,1548,21020.450034618378,44.391357421875,-45.712921142578125,17.85293960571289,0.8
385,MetaDrive-Tut-20Env-v0,18,324.478881578394,387592,1551,21092.77936053276,43.52796936035156,,8.847207069396973,0.79
386,MetaDrive-Tut-20Env-v0,18,323.4099851852187,388123,1552,21122.347758293152,44.69035720825195,-44.88923645019531,8.811497688293457,0.79
387,MetaDrive-Tut-20Env-v0,18,325.69017879160464,389700,1554,21209.99204325676,43.5352783203125,,21.81371307373047,0.78
388,MetaDrive-Tut-20Env-v0,18,325.86991639321946,390100,1555,21232.199360370636,42.21669006347656,,7.9771833419799805,0.78
389,MetaDrive-Tut-20Env-v0,18,328.238672243083,391224,1557,21294.71263360977,44.0523567199707,,12.008970260620117,0.79
390,MetaDrive-Tut-20Env-v0,18,329.613017252126,392452,1559,21363.39800143242,44.07643127441406,,12.915569305419922,0.79
391,MetaDrive-Tut-20Env-v0,18,329.57820228350846,393398,1561,21415.81284594536,43.99372863769531,,7.98663854598999,0.79
392,MetaDrive-Tut-20Env-v0,18,326.75870977724276,394098,1563,21454.74603819847,42.91303634643555,,9.410782814025879,0.79
393,MetaDrive-Tut-20Env-v0,18,325.44625092308166,395171,1566,21514.554962158203,43.19977569580078,-43.70136260986328,8.912156105041504,0.78
394,MetaDrive-Tut-20Env-v0,18,324.50969477569674,396429,1569,21584.699656009674,43.642887115478516,-43.74918746948242,7.245819568634033,0.77
395,MetaDrive-Tut-20Env-v0,18,323.87091105666997,397482,1572,21643.38147211075,44.77030944824219,,9.717179298400879,0.78
396,MetaDrive-Tut-20Env-v0,18,325.3606068322168,398158,1573,21681.510548353195,43.58172607421875,,7.924770355224609,0.78
397,MetaDrive-Tut-20Env-v0,18,326.0186865422929,399211,1575,21740.20762705803,42.988765716552734,-43.682037353515625,14.512421607971191,0.78
398,MetaDrive-Tut-20Env-v0,18,327.9405336837007,400346,1577,21803.5397875309,43.54676055908203,,7.168338775634766,0.79
399,MetaDrive-Tut-20Env-v0,18,326.7428003545771,401171,1579,21849.851746082306,43.684722900390625,-44.95991516113281,22.0241641998291,0.78
400,MetaDrive-Tut-20Env-v0,18,326.9248716021112,402279,1582,21912.02683854103,44.48124694824219,-44.506805419921875,8.325439453125,0.77
401,MetaDrive-Tut-20Env-v0,18,327.6685613922333,403620,1584,21987.026554584503,44.615386962890625,,25.717151641845703,0.77
402,MetaDrive-Tut-20Env-v0,18,321.8670346540073,404071,1586,22011.988543987274,41.826194763183594,-42.08567810058594,7.919582843780518,0.76
403,MetaDrive-Tut-20Env-v0,18,321.9396650978526,405171,1589,22073.765026807785,44.860294342041016,-45.54450225830078,8.929718017578125,0.76
404,MetaDrive-Tut-20Env-v0,18,317.4455041140976,406259,1592,22134.14248776436,43.68248748779297,-43.880393981933594,18.040916442871094,0.75
405,MetaDrive-Tut-20Env-v0,18,316.5002243421201,407307,1594,22192.97179889679,44.12791061401367,-44.89599609375,14.722908020019531,0.74
406,MetaDrive-Tut-20Env-v0,18,319.02273936515655,408013,1595,22232.481381177902,44.440433502197266,-44.50516891479492,6.73714542388916,0.74
407,MetaDrive-Tut-20Env-v0,18,324.82796167739684,409433,1597,22312.289675951004,41.813514709472656,-43.22472381591797,10.07177734375,0.75
408,MetaDrive-Tut-20Env-v0,18,328.28638637172276,410561,1599,22375.177259922028,41.570404052734375,-42.09592819213867,7.7244977951049805,0.76
409,MetaDrive-Tut-20Env-v0,18,329.578934504883,411201,1600,22411.33718395233,42.95243835449219,-42.957313537597656,7.919936656951904,0.76
410,MetaDrive-Tut-20Env-v0,18,329.09253440921105,412289,1602,22472.058771133423,44.30324935913086,-45.064537048339844,25.855480194091797,0.76
411,MetaDrive-Tut-20Env-v0,18,327.869091270038,413320,1604,22530.3090364933,42.48103713989258,,7.693499565124512,0.76
412,MetaDrive-Tut-20Env-v0,18,327.4970070741177,414277,1606,22583.722361803055,42.425865173339844,-42.167781829833984,9.576828002929688,0.77
413,MetaDrive-Tut-20Env-v0,18,329.1432664883933,415021,1608,22624.79434156418,43.990867614746094,-44.74449157714844,8.301176071166992,0.78
414,MetaDrive-Tut-20Env-v0,18,332.6375817971584,416325,1611,22697.068992376328,43.40668487548828,-43.593170166015625,8.905686378479004,0.79
415,MetaDrive-Tut-20Env-v0,18,330.6726519783857,417071,1613,22738.43095088005,43.53147888183594,-43.4989013671875,7.046628475189209,0.79
416,MetaDrive-Tut-20Env-v0,18,332.86082995071126,418451,1617,22815.712192058563,43.7003059387207,-44.12232208251953,9.671557426452637,0.79
417,MetaDrive-Tut-20Env-v0,18,331.87601452837356,419161,1618,22854.633622407913,42.868953704833984,-43.157203674316406,28.646915435791016,0.79
418,MetaDrive-Tut-20Env-v0,18,334.5104210127133,420602,1620,22934.570427179337,41.67444610595703,,11.03934097290039,0.79
419,MetaDrive-Tut-20Env-v0,18,329.95376089146134,421148,1622,22965.31436777115,43.98646545410156,,28.17337417602539,0.78
420,MetaDrive-Tut-20Env-v0,18,329.1559540606699,422479,1624,23039.36921429634,42.7214469909668,-42.923072814941406,8.013837814331055,0.79
421,MetaDrive-Tut-20Env-v0,18,331.0705986711811,423384,1626,23089.419018507004,43.199317932128906,,13.272950172424316,0.81
422,MetaDrive-Tut-20Env-v0,18,334.9188184415055,424537,1628,23154.15489435196,42.763877868652344,-43.241050720214844,7.504585266113281,0.82
423,MetaDrive-Tut-20Env-v0,18,336.0699631574007,425162,1629,23188.968864917755,43.13066864013672,,30.39351463317871,0.82
424,MetaDrive-Tut-20Env-v0,18,334.7843994490097,426203,1631,23247.138402223587,42.30472183227539,-42.53802490234375,20.723068237304688,0.82
425,MetaDrive-Tut-20Env-v0,18,335.94633074471125,427118,1633,23298.530560970306,42.88746643066406,,31.55799102783203,0.83
426,MetaDrive-Tut-20Env-v0,18,332.9063078075482,428227,1635,23360.687888383865,41.804161071777344,-41.612876892089844,14.26392936706543,0.83
427,MetaDrive-Tut-20Env-v0,18,337.23702659757333,429822,1637,23449.672137260437,43.6556396484375,,8.832939147949219,0.84
428,MetaDrive-Tut-20Env-v0,18,334.14675035878975,430544,1639,23489.58969783783,41.249019622802734,,10.757682800292969,0.83
429,MetaDrive-Tut-20Env-v0,18,336.40257631658073,431545,1640,23545.506792783737,43.44207000732422,-43.84587478637695,11.09063720703125,0.82
430,MetaDrive-Tut-20Env-v0,18,335.5453489367486,432213,1641,23582.977479457855,43.382484436035156,-43.74913024902344,10.785013198852539,0.82
431,MetaDrive-Tut-20Env-v0,18,331.78077255124145,433023,1643,23628.39751982689,42.120216369628906,-42.712791442871094,8.72658920288086,0.81
432,MetaDrive-Tut-20Env-v0,18,335.1891765947328,434342,1645,23702.392669439316,41.39599609375,,7.071129322052002,0.82
433,MetaDrive-Tut-20Env-v0,18,328.427654704639,435092,1647,23743.527770996094,44.80460739135742,,13.2845458984375,0.8
434,MetaDrive-Tut-20Env-v0,18,330.06580011300576,436255,1649,23808.73913693428,43.118080139160156,-43.76422882080078,10.181741714477539,0.79
435,MetaDrive-Tut-20Env-v0,18,326.56702652260196,437289,1651,23865.809189081192,42.93343734741211,-43.43569564819336,30.170654296875,0.79
436,MetaDrive-Tut-20Env-v0,18,325.3589341007212,438210,1652,23916.260071754456,44.50115966796875,,8.116659164428711,0.79
437,MetaDrive-Tut-20Env-v0,18,320.0979898629852,439572,1655,23991.775517225266,42.979679107666016,,16.569673538208008,0.79
438,MetaDrive-Tut-20Env-v0,18,308.570358283777,440202,1659,24027.196373462677,42.76169967651367,,9.747392654418945,0.75
439,MetaDrive-Tut-20Env-v0,18,309.16580201740487,441519,1661,24100.676945209503,42.725303649902344,-42.48725891113281,8.64338207244873,0.75
440,MetaDrive-Tut-20Env-v0,18,307.698296699014,442367,1663,24147.174427986145,39.61760330200195,-39.49895095825195,8.822410583496094,0.74
441,MetaDrive-Tut-20Env-v0,18,309.1908776976098,443598,1665,24216.109889507294,42.54832077026367,,11.455501556396484,0.73
442,MetaDrive-Tut-20Env-v0,18,309.2133143509506,444041,1666,24241.111446380615,44.09828186035156,-45.1962776184082,10.163106918334961,0.72
443,MetaDrive-Tut-20Env-v0,18,310.20511770815904,445382,1669,24315.986903190613,44.5287971496582,,5.781395435333252,0.72
444,MetaDrive-Tut-20Env-v0,18,312.3771567215825,446234,1671,24363.5741648674,41.70536422729492,,8.224430084228516,0.72
445,MetaDrive-Tut-20Env-v0,18,311.5930319442314,447775,1673,24449.2828476429,41.557437896728516,-41.784767150878906,9.657079696655273,0.72
446,MetaDrive-Tut-20Env-v0,18,313.0183286151546,448621,1674,24496.15837264061,41.98393249511719,-42.70233917236328,8.157060623168945,0.72
447,MetaDrive-Tut-20Env-v0,18,311.5961931350494,449089,1675,24522.24059486389,41.42975616455078,-42.37687683105469,6.934950351715088,0.72
448,MetaDrive-Tut-20Env-v0,18,310.29356705197955,450470,1677,24598.597945928574,43.91255569458008,,5.6636552810668945,0.72
449,MetaDrive-Tut-20Env-v0,18,308.9139476245709,451146,1679,24636.267547130585,42.06475830078125,,12.420162200927734,0.72
450,MetaDrive-Tut-20Env-v0,18,309.5020608130062,452392,1682,24705.835069179535,42.281402587890625,,10.414491653442383,0.72
451,MetaDrive-Tut-20Env-v0,18,306.0904640535732,453164,1684,24748.683357715607,41.640445709228516,,15.290843963623047,0.72
452,MetaDrive-Tut-20Env-v0,18,308.97235049195126,454300,1687,24812.394104719162,42.703529357910156,,32.27250289916992,0.72
453,MetaDrive-Tut-20Env-v0,18,309.7931388866011,455208,1689,24862.89778470993,42.31132507324219,,8.548134803771973,0.73
454,MetaDrive-Tut-20Env-v0,18,311.16372600998085,456064,1691,24910.251127004623,43.61820983886719,,28.255443572998047,0.74
455,MetaDrive-Tut-20Env-v0,18,309.3813117698568,457160,1694,24972.04855632782,43.84025573730469,,7.899791717529297,0.74
456,MetaDrive-Tut-20Env-v0,18,306.9699474334216,458349,1696,25038.290594100952,42.860206604003906,-42.70845031738281,4.960472106933594,0.74
457,MetaDrive-Tut-20Env-v0,18,301.76749080271594,459001,1698,25074.18519282341,43.805259704589844,-45.10136413574219,6.388996601104736,0.73
458,MetaDrive-Tut-20Env-v0,18,298.1901440206243,460381,1701,25151.15781068802,42.78274154663086,-43.68594741821289,6.869384288787842,0.73
459,MetaDrive-Tut-20Env-v0,18,300.09499333117276,461075,1702,25190.07046341896,42.640174865722656,-42.59689712524414,12.264435768127441,0.73
460,MetaDrive-Tut-20Env-v0,18,299.76709988931066,462128,1704,25248.370822906494,42.898887634277344,,8.639791488647461,0.73
461,MetaDrive-Tut-20Env-v0,18,294.93616672822526,463221,1708,25309.635942459106,43.10287857055664,-43.040306091308594,11.130902290344238,0.7
462,MetaDrive-Tut-20Env-v0,18,293.4294845343447,464281,1711,25369.2628800869,41.32115936279297,-41.41327667236328,9.439251899719238,0.68
463,MetaDrive-Tut-20Env-v0,18,294.32941888584827,465131,1713,25416.777395009995,43.75902557373047,-44.73656463623047,14.178170204162598,0.67
464,MetaDrive-Tut-20Env-v0,18,294.5122671550711,466541,1717,25495.122231006622,43.812232971191406,-44.20060729980469,7.943544387817383,0.67
465,MetaDrive-Tut-20Env-v0,18,295.92251689571697,467139,1718,25528.69614315033,41.749908447265625,-41.86402893066406,10.546284675598145,0.67
466,MetaDrive-Tut-20Env-v0,18,294.53337332547,468569,1722,25609.118037700653,45.29190444946289,-45.20970153808594,15.640300750732422,0.66
467,MetaDrive-Tut-20Env-v0,18,295.2293646373705,469651,1724,25669.887474298477,40.844093322753906,-41.0394401550293,14.34461498260498,0.66
468,MetaDrive-Tut-20Env-v0,18,295.4218803017912,470121,1725,25696.37740635872,43.399662017822266,-44.0836296081543,4.813002586364746,0.66
469,MetaDrive-Tut-20Env-v0,18,295.05800423620036,471067,1727,25749.33688211441,41.32855987548828,-41.43915557861328,6.515927791595459,0.67
470,MetaDrive-Tut-20Env-v0,18,290.2930664479089,472058,1730,25803.5489487648,42.553443908691406,,10.538764953613281,0.65
471,MetaDrive-Tut-20Env-v0,18,284.83210723149483,473012,1733,25856.994503498077,44.10340118408203,,28.570905685424805,0.62
472,MetaDrive-Tut-20Env-v0,18,285.67608600327804,474191,1735,25922.989075660706,43.64659118652344,-43.34288024902344,6.346129894256592,0.62
473,MetaDrive-Tut-20Env-v0,18,284.58533337188464,475179,1737,25978.317301750183,42.773651123046875,-42.64283752441406,9.13560676574707,0.62
474,MetaDrive-Tut-20Env-v0,18,284.99408540317603,476326,1740,26042.474391698837,44.08076858520508,,9.705156326293945,0.64
475,MetaDrive-Tut-20Env-v0,18,285.79566021983254,477011,1742,26081.158363103867,39.35699462890625,-39.530921936035156,7.487318992614746,0.64
476,MetaDrive-Tut-20Env-v0,18,279.5623063895316,478062,1746,26139.76393222809,43.19093322753906,,8.316701889038086,0.63
477,MetaDrive-Tut-20Env-v0,18,284.7237796912661,479202,1748,26203.56865954399,42.68318176269531,,22.5424747467041,0.65
478,MetaDrive-Tut-20Env-v0,18,282.67924412182515,480323,1751,26265.983634233475,41.624298095703125,-41.75541687011719,15.295028686523438,0.66
479,MetaDrive-Tut-20Env-v0,18,281.8005648628911,481507,1755,26332.50530052185,45.188690185546875,-46.4315185546875,9.279083251953125,0.65
480,MetaDrive-Tut-20Env-v0,18,286.2562427545381,482397,1757,26382.32494211197,40.88557434082031,-41.65766525268555,19.3765869140625,0.67
481,MetaDrive-Tut-20Env-v0,18,289.5458646125915,483232,1759,26429.033400535583,44.21670150756836,,7.5652265548706055,0.69
482,MetaDrive-Tut-20Env-v0,18,290.3530579287184,484476,1762,26499.188812971115,43.01408386230469,,10.503178596496582,0.69
483,MetaDrive-Tut-20Env-v0,18,292.84591932006987,485148,1763,26537.250200748444,44.20174026489258,,8.604933738708496,0.69
484,MetaDrive-Tut-20Env-v0,18,294.11555563466277,486334,1765,26603.19323706627,42.594478607177734,,9.723114013671875,0.71
485,MetaDrive-Tut-20Env-v0,18,294.5545619214808,487335,1767,26659.034202575684,40.79420471191406,-40.80659484863281,9.295492172241211,0.72
486,MetaDrive-Tut-20Env-v0,18,297.43329470511856,488479,1769,26723.8584690094,42.44593811035156,-42.60050582885742,18.071266174316406,0.73
487,MetaDrive-Tut-20Env-v0,18,300.01928428100877,489049,1770,26755.806363105774,43.06108093261719,-42.746917724609375,9.417455673217773,0.74
488,MetaDrive-Tut-20Env-v0,18,300.73226299558485,490212,1772,26820.745807409286,43.70012283325195,,20.69432258605957,0.74
489,MetaDrive-Tut-20Env-v0,18,298.8920041313655,491350,1774,26884.284214019775,43.043479919433594,,26.878116607666016,0.74
490,MetaDrive-Tut-20Env-v0,18,300.1431175463123,492320,1776,26938.01601076126,42.85300064086914,,8.099419593811035,0.74
491,MetaDrive-Tut-20Env-v0,18,298.22095009376824,493025,1778,26977.127344608307,43.74330520629883,-43.996177673339844,11.02695083618164,0.73
492,MetaDrive-Tut-20Env-v0,18,305.21800080938226,494289,1780,27048.385771989822,44.57963562011719,-44.735992431640625,9.446296691894531,0.75
493,MetaDrive-Tut-20Env-v0,18,304.2837538381705,495108,1782,27094.43251848221,42.573028564453125,,8.314496040344238,0.75
494,MetaDrive-Tut-20Env-v0,18,302.5597665893271,496011,1785,27144.828761577606,41.260501861572266,-41.34569549560547,11.964692115783691,0.74
495,MetaDrive-Tut-20Env-v0,18,301.8732000990885,497343,1788,27218.706342458725,44.39762878417969,-44.92195510864258,9.85519027709961,0.75
496,MetaDrive-Tut-20Env-v0,18,304.3239114206442,498393,1790,27278.13063812256,41.987640380859375,-42.95215606689453,11.020217895507812,0.75
497,MetaDrive-Tut-20Env-v0,18,307.5272085607995,499305,1792,27328.805401802063,43.205814361572266,-43.20166778564453,7.29160737991333,0.76
